Client,Pakket,Contact Persoon,Contact Persoon Email
Floris Hunter,basic,Contact Persoon,EmailHierInvullen@snel.nl
Huawei,goud,Barry everts,EmailHierInvullen@snel.nl
Jesper Andresen,basic,Contact Persoon,EmailHierInvullen@snel.nl
Jesper Andresen,basic,Contact Persoon,EmailHierInvullen@snel.nl
Jesper Andresen,goud,Contact Persoon,EmailHierInvullen@snel.nl
Jesper Andresen,basic,Contact Persoon,EmailHierInvullen@snel.nl
Kruidvat,goud,Contact Persoon,EmailHierInvullen@snel.nl
Samsung,goud,Henk Vonk,EmailHierInvullen@snel.nl
Siebe de Vries,goud,Contact Persoon,EmailHierInvullen@snel.nl
ewr,basic,Contact Persoon,jesperandresen40@gmail.com
sarina martodimedjo,basic,Contact Persoon,EmailHierInvullen@snel.nl
